similarity,matched,missing,percent,length,label
0.38706475422926734,4,7,36.36,750,1
0.05020466411709522,0,10,0.0,750,0
0.42780757837879424,3,7,30.0,711,1
0.00844707040725907,0,10,0.0,711,0
0.24668141597486126,4,8,33.33,678,1
0.017949830268749252,1,10,9.09,678,0
0.3933283487169575,4,6,40.0,766,1
0.0,0,10,0.0,766,0
0.20613329661669721,3,8,27.27,694,1
0.16242921024269247,3,9,25.0,694,0
0.3615937282273534,6,4,60.0,801,1
0.007654144214377658,0,11,0.0,801,0
0.37201434261090943,4,6,40.0,889,1
0.006463584497369082,0,11,0.0,889,0
0.31769893131630567,5,6,45.45,867,1
0.007269395428195973,0,10,0.0,867,0
0.17823317939695515,2,10,16.67,711,1
0.14287986763075558,2,9,18.18,711,0
0.4881041331375316,3,8,27.27,724,1
0.3477890604226726,4,6,40.0,724,0
0.22942931271149747,6,4,60.0,778,1
0.0,0,10,0.0,778,0
0.14050914828021666,2,10,16.67,670,1
0.032485747595814435,0,10,0.0,670,0
0.3933283487169575,4,6,40.0,766,1
0.00887697599927964,0,10,0.0,766,0
0.24668141597486126,4,8,33.33,678,1
0.029701587527842625,1,10,9.09,678,0
0.304725796484779,2,8,20.0,709,1
0.009680751098004356,0,10,0.0,709,0
0.40507422351866423,2,8,20.0,790,1
0.0,0,11,0.0,790,0
0.2557706306397356,4,6,40.0,820,1
0.0,0,10,0.0,820,0
0.25279665376958405,1,11,8.33,652,1
0.10172567093781548,0,10,0.0,652,0
0.2505725781721263,4,6,40.0,675,1
0.06468736370198015,1,9,10.0,675,0
0.22068013632810649,3,7,30.0,708,1
0.03822218177949427,0,11,0.0,708,0
0.3134421365084084,4,6,40.0,719,1
0.09497120679069757,1,10,9.09,719,0
0.3837991400487033,2,9,18.18,726,1
0.008698234128967985,0,10,0.0,726,0
0.2670445348694675,5,5,50.0,850,1
0.008810784041801885,0,10,0.0,850,0
0.21568239707681153,2,8,20.0,682,1
0.04202601875782011,0,11,0.0,682,0
0.4648280576698024,4,7,36.36,764,1
0.018303257322246674,0,10,0.0,764,0
0.18275112263366086,3,8,27.27,687,1
0.021220759313209908,0,11,0.0,687,0
0.17015701090484206,3,7,30.0,709,1
0.018591854059853585,0,10,0.0,709,0
0.25966601393437444,5,5,50.0,814,1
0.04299411083397348,1,10,9.09,814,0
0.3377750953377194,3,7,30.0,796,1
0.015759883642216577,0,11,0.0,796,0
0.45966819688433913,4,7,36.36,682,1
0.009602048493993409,0,10,0.0,682,0
0.3204318851419254,5,6,45.45,863,1
0.029428166319406306,1,11,8.33,863,0
0.17823317939695515,2,10,16.67,711,1
0.036155085208603444,0,10,0.0,711,0
0.3558949888852199,3,8,27.27,761,1
0.0,0,11,0.0,761,0
0.18275112263366086,3,8,27.27,687,1
0.0,0,10,0.0,687,0
0.18275112263366086,3,8,27.27,687,1
0.1796968910406435,3,7,30.0,687,0
0.26060163861723246,4,8,33.33,701,1
0.07083212587286247,0,10,0.0,701,0
0.429630698266268,3,7,30.0,765,1
0.0,0,11,0.0,765,0
0.36546127873768847,4,7,36.36,714,1
0.04169197800969738,0,10,0.0,714,0
0.2705488684357973,4,6,40.0,669,1
0.0,0,11,0.0,669,0
0.37507164583032676,3,7,30.0,823,1
0.0,0,12,0.0,823,0
0.25468560289811804,6,4,60.0,732,1
0.07029211127503088,0,12,0.0,732,0
0.33298316919467724,4,6,40.0,824,1
0.007986962515308515,0,10,0.0,824,0
0.17823317939695515,2,10,16.67,711,1
0.036155085208603444,0,10,0.0,711,0
0.34284769939505266,4,7,36.36,715,1
0.0,0,10,0.0,715,0
0.20149058527186553,3,9,25.0,740,1
0.03949050884531922,1,9,10.0,740,0
0.28546980298057095,3,8,27.27,885,1
0.0,0,10,0.0,885,0
0.42780757837879424,3,7,30.0,711,1
0.0,0,11,0.0,711,0
0.37507164583032676,3,7,30.0,823,1
0.014173693490362372,0,11,0.0,823,0
0.20149058527186553,3,9,25.0,740,1
0.05099691199498013,1,10,9.09,740,0
0.14050914828021666,1,11,8.33,670,1
0.10374268851502941,0,10,0.0,670,0
0.22068013632810649,3,7,30.0,708,1
0.03822218177949427,0,11,0.0,708,0
0.308751332165876,3,8,27.27,687,1
0.0,0,10,0.0,687,0
0.4008202471419942,5,5,50.0,742,1
0.032568289358344285,1,10,9.09,742,0
0.4008202471419942,5,5,50.0,742,1
0.009002446310685183,0,10,0.0,742,0
0.2844529150149605,3,7,30.0,703,1
0.08653988891553398,1,9,10.0,703,0
0.41536205778992386,4,6,40.0,834,1
0.006781170791579172,0,11,0.0,834,0
0.2908774634227437,4,8,33.33,773,1
0.019536787468201203,0,10,0.0,773,0
0.2437218065739133,6,5,54.55,676,1
0.049236377714382044,1,9,10.0,676,0
0.3837991400487033,2,9,18.18,726,1
0.2689437249431076,3,7,30.0,726,0
0.45378715326642366,6,5,54.55,697,1
0.021159848364270702,0,10,0.0,697,0
0.13808639534171246,2,10,16.67,707,1
0.033324755894202,0,10,0.0,707,0
0.2705488684357973,4,6,40.0,669,1
0.019850515867576947,0,10,0.0,669,0
0.20149058527186553,3,9,25.0,740,1
0.05099691199498013,1,10,9.09,740,0
0.3377750953377194,3,7,30.0,796,1
0.016799520548019392,0,10,0.0,796,0
0.20149058527186553,3,9,25.0,740,1
0.05099691199498013,1,10,9.09,740,0
0.22191740195886284,5,5,50.0,796,1
0.0,0,11,0.0,796,0
0.22767764350076938,3,8,27.27,646,1
0.10779203687481206,3,7,30.0,646,0
0.35239126601396137,3,8,27.27,655,1
0.05877324029379616,0,10,0.0,655,0
0.3798935634665981,6,4,60.0,723,1
0.009862760039830604,0,10,0.0,723,0
0.4689472177267744,2,8,20.0,708,1
0.027810807367373368,1,10,9.09,708,0
0.3933283487169575,4,6,40.0,766,1
0.0,0,12,0.0,766,0
0.2901352383508455,5,6,45.45,666,1
0.08085097595720865,0,10,0.0,666,0
0.3445696984482129,3,7,30.0,755,1
0.17692942679000767,3,8,27.27,755,0
0.14050914828021666,2,10,16.67,670,1
0.05146350470906006,1,10,9.09,670,0
0.40507422351866423,2,8,20.0,790,1
0.0,0,11,0.0,790,0
0.31973023256341504,6,5,54.55,807,1
0.04057720340615105,0,10,0.0,807,0
0.45378715326642366,6,5,54.55,697,1
0.021159848364270702,0,10,0.0,697,0
0.22365356822508276,4,8,33.33,684,1
0.10070339414498088,0,10,0.0,684,0
0.3229180174398687,4,6,40.0,691,1
0.05013643159819503,0,10,0.0,691,0
0.34661939427766786,2,8,20.0,762,1
0.008907851189652002,0,10,0.0,762,0
0.13808639534171246,2,10,16.67,707,1
0.05405087987102527,1,10,9.09,707,0
0.3276137823191778,3,7,30.0,834,1
0.016266104295437903,0,10,0.0,834,0
0.2505725781721263,4,6,40.0,675,1
0.019128380012616703,0,11,0.0,675,0
0.2418849572889265,4,6,40.0,746,1
0.09985149073777391,2,8,20.0,746,0
0.2253155932747992,4,8,33.33,819,1
0.062441980175206406,1,10,9.09,819,0
0.43145068061237474,3,8,27.27,904,1
0.0,0,11,0.0,904,0
0.34661939427766786,2,8,20.0,762,1
0.02111328294714739,1,10,9.09,762,0
0.17906490050358762,2,8,20.0,673,1
0.13733339266571085,4,8,33.33,673,0
0.32009748447293707,2,8,20.0,767,1
0.0,0,11,0.0,767,0
0.26060163861723246,4,8,33.33,701,1
0.17260282461430712,1,9,10.0,701,0
0.267379668136681,4,6,40.0,777,1
0.09946032810896774,2,8,20.0,777,0
0.34284769939505266,4,7,36.36,715,1
0.0,0,11,0.0,715,0
0.3798935634665981,6,4,60.0,723,1
0.13817176157217,4,6,40.0,723,0
0.2901352383508455,5,6,45.45,666,1
0.05084065778772153,0,10,0.0,666,0
0.25279665376958405,1,11,8.33,652,1
0.08494874685489319,0,11,0.0,652,0
0.3276137823191778,3,7,30.0,834,1
0.0,0,10,0.0,834,0
0.2901352383508455,5,6,45.45,666,1
0.2690436260508571,4,7,36.36,666,0
0.2901352383508455,5,6,45.45,666,1
0.030907848495483004,0,11,0.0,666,0
0.20341014536982188,3,9,25.0,706,1
0.0,0,10,0.0,706,0
0.37507164583032676,3,7,30.0,823,1
0.0,0,11,0.0,823,0
0.31769893131630567,5,6,45.45,867,1
0.026703699326021547,0,10,0.0,867,0
0.18275112263366086,3,8,27.27,687,1
0.1796968910406435,3,7,30.0,687,0
0.2851107183637229,6,5,54.55,652,1
0.055577735094737596,0,10,0.0,652,0
0.37201434261090943,4,6,40.0,889,1
0.006463584497369082,0,11,0.0,889,0
0.3445696984482129,3,7,30.0,755,1
0.02294520111769611,1,10,9.09,755,0
0.1627788604624365,1,9,10.0,653,1
0.022989510933101493,0,11,0.0,653,0
0.3649831394294773,4,6,40.0,704,1
0.00994426763333619,0,10,0.0,704,0
0.4198660936892194,5,6,45.45,717,1
0.009019701215574187,0,11,0.0,717,0
0.26060163861723246,4,8,33.33,701,1
0.07083212587286247,0,10,0.0,701,0
0.35239126601396137,3,8,27.27,655,1
0.050261347281224625,0,10,0.0,655,0
0.4420962342273568,4,6,40.0,678,1
0.0,0,12,0.0,678,0
0.22365356822508276,4,8,33.33,684,1
0.020695481071702358,1,9,10.0,684,0
0.1627788604624365,1,9,10.0,653,1
0.0792606365340933,0,11,0.0,653,0
0.38706475422926734,4,7,36.36,750,1
0.05020466411709522,0,10,0.0,750,0
0.4131224266926883,3,8,27.27,862,1
0.027511561655923247,2,8,20.0,862,0
0.26668635527127676,4,6,40.0,738,1
0.008777141533311697,0,10,0.0,738,0
0.35239126601396137,3,8,27.27,655,1
0.019754881149440778,0,10,0.0,655,0
0.22333629466646532,4,6,40.0,690,1
0.0,0,10,0.0,690,0
0.22365356822508276,4,8,33.33,684,1
0.09769327279656208,1,10,9.09,684,0
0.26668635527127676,4,6,40.0,738,1
0.10724800544994054,3,9,25.0,738,0
0.22365356822508276,4,8,33.33,684,1
0.1343367591751389,2,9,18.18,684,0
0.267379668136681,4,6,40.0,777,1
0.1160034886666389,3,7,30.0,777,0
0.4689472177267744,2,8,20.0,708,1
0.007691055439601429,0,10,0.0,708,0
0.4420962342273568,4,6,40.0,678,1
0.0,0,11,0.0,678,0
0.304725796484779,2,8,20.0,709,1
0.0,0,10,0.0,709,0
0.21916503562602774,5,6,45.45,716,1
0.011229161492761121,0,10,0.0,716,0
0.32009748447293707,2,8,20.0,767,1
0.0,0,11,0.0,767,0
0.2844529150149605,3,7,30.0,703,1
0.08653988891553398,1,9,10.0,703,0
0.20341014536982188,3,9,25.0,706,1
0.04028777397635919,2,9,18.18,706,0
0.14050914828021666,2,10,16.67,670,1
0.05146350470906006,1,10,9.09,670,0
0.36978726459441064,5,6,45.45,712,1
0.0,0,11,0.0,712,0
0.18275112263366086,3,8,27.27,687,1
0.039275663906599666,0,10,0.0,687,0
0.25279665376958405,1,11,8.33,652,1
0.0709474198139087,3,7,30.0,652,0
0.4198660936892194,4,7,36.36,717,1
0.060085258274684285,3,8,27.27,717,0
0.2901352383508455,5,6,45.45,666,1
0.08085097595720865,0,10,0.0,666,0
0.37338033856333586,5,6,45.45,738,1
0.006378211260377535,0,11,0.0,738,0
0.4689472177267744,2,8,20.0,708,1
0.0,0,11,0.0,708,0
0.13808639534171246,2,10,16.67,707,1
0.05311070572932553,1,10,9.09,707,0
